Título,Editado
Manifesto,10 de julho de 2025 13:53
"Missão, Visão e Posicionamento",10 de julho de 2025 13:53
Os 3 Pilares,10 de junho de 2025 14:55
Valores,10 de julho de 2025 14:00
Crescendo Rápido e Certo,10 de junho de 2025 14:55
Sobre nossos líderes,10 de junho de 2025 14:55
Sobre nosso time,10 de junho de 2025 14:55
Quando e quem contratar?,12 de agosto de 2025 10:11
Quem NÃO contratar?,10 de junho de 2025 14:55
Quem demitir?,12 de agosto de 2025 14:57
Da Teoria a Ação,10 de junho de 2025 14:55
Os 10 Mandamentos Lendários,19 de junho de 2025 18:54
Frameworks de Decisão,24 de junho de 2025 12:59
4 Princípios Guia,10 de junho de 2025 14:55
Nossos 8 Mantras,10 de junho de 2025 14:55
Vida Lendária,25 de junho de 2025 10:59
História do Founder (Alan Nicolas),18 de setembro de 2025 17:20
História da Academia Lendár[IA],10 de junho de 2025 14:55
Nossos Simbolos,3 de agosto de 2025 21:30